{
    "default": {
        "sections": [
            {
                "title": "Growers",
                "permissions": [
                    "user",
                    "paid",
                    "lifetime",
                    "admin"
                ],
                "icon": "cannabis",
                "items": [
                    {
                        "id": "games-folder",
                        "title": "Games Folder",
                        "url": "replaceme.php",
                        "icon": "gamepad"
                    }
                ]
            },
            {
                "title": "Admin",
                "permissions": [
                    "admin"
                ],
                "icon": "poo",
                "items": [
                    {
                        "id": "webhook-manager",
                        "title": "Webhook Manager",
                        "url": "webhook.php",
                        "icon": "exchange-alt"
                    },
                    {
                        "id": "data-manager",
                        "title": "Data Manager",
                        "url": "datamanager.php",
                        "icon": "database"
                    },
                    {
                        "id": "branding-manager",
                        "title": "Branding Manager",
                        "url": "branding.php",
                        "icon": "palette"
                    },
                    {
                        "id": "tab-manager",
                        "title": "Tab Manager",
                        "url": "TabManagement.php",
                        "icon": "sitemap"
                    },
                    {
                        "id": "file-upload",
                        "title": "File Upload",
                        "url": "fileUpload.php",
                        "icon": "far fa-file-code"
                    }
                ]
            }
        ]
    },
    "admin": {
        "sections": []
    },
    "header": {
        "items": [
            {
                "id": "get-listed",
                "title": "Get Listed",
                "url": "#"
            },
            {
                "id": "games",
                "title": "Games",
                "url": "\/games"
            },
            {
                "id": "word-search",
                "title": "Word Search",
                "url": "\/games\/Word_Search.html",
                "parent": "games"
            }
        ]
    },
    "footer": {
        "items": [
            {
                "id": "data-manager",
                "title": "Data Manager",
                "url": "datamanager.php"
            },
            {
                "id": "data-manager2",
                "title": "Data Manager2",
                "url": "datamanager2.php"
            }
        ]
    }
}